"Quarter","Year","State","Natural_Increase","Net_Overseas_Migration","Net_Interstate_Migration"
"Jun",1981,"New South Wales",11516,9281,-6330
"Jun",1981,"Victoria",7302,5533,-3330
"Jun",1981,"Queensland",6191,4630,8558
"Jun",1981,"South Australia",2474,1301,-1675
"Jun",1981,"Western Australia",3579,3776,680
"Jun",1981,"Tasmania",962,194,-274
"Jun",1981,"Northern Territory",733,400,1806
"Jun",1981,"Australian Capital Territory",847,-131,565
"Sep",1981,"New South Wales",9559,13284,-7768
"Sep",1981,"Victoria",7353,8237,-4897
"Sep",1981,"Queensland",4920,4541,11740
"Sep",1981,"South Australia",2155,2279,-1846
"Sep",1981,"Western Australia",3379,5101,2002
"Sep",1981,"Tasmania",927,268,-480
"Sep",1981,"Northern Territory",510,279,1264
"Sep",1981,"Australian Capital Territory",777,152,-15
"Dec",1981,"New South Wales",9181,13295,-4528
"Dec",1981,"Victoria",7191,8505,-4354
"Dec",1981,"Queensland",4756,4514,10128
"Dec",1981,"South Australia",2359,2692,-988
"Dec",1981,"Western Australia",3375,4375,441
"Dec",1981,"Tasmania",880,302,-810
"Dec",1981,"Northern Territory",664,416,935
"Dec",1981,"Australian Capital Territory",856,383,-824
"Mar",1982,"New South Wales",11081,12477,-3824
"Mar",1982,"Victoria",8492,7606,-3393
"Mar",1982,"Queensland",6331,4008,7005
"Mar",1982,"South Australia",2374,1844,-602
"Mar",1982,"Western Australia",3639,4600,494
"Mar",1982,"Tasmania",1075,207,-106
"Mar",1982,"Northern Territory",675,215,468
"Mar",1982,"Australian Capital Territory",842,419,-42
"Jun",1982,"New South Wales",11097,10337,-3464
"Jun",1982,"Victoria",7310,6796,-1785
"Jun",1982,"Queensland",6081,4502,6580
"Jun",1982,"South Australia",2294,1705,-1439
"Jun",1982,"Western Australia",3751,4081,621
"Jun",1982,"Tasmania",887,153,-626
"Jun",1982,"Northern Territory",529,273,-598
"Jun",1982,"Australian Capital Territory",786,271,711
"Sep",1982,"New South Wales",8270,9593,-5094
"Sep",1982,"Victoria",5808,6164,-1840
"Sep",1982,"Queensland",4827,4244,8184
"Sep",1982,"South Australia",1886,1950,-722
"Sep",1982,"Western Australia",3330,4584,504
"Sep",1982,"Tasmania",844,185,-555
"Sep",1982,"Northern Territory",617,93,-47
"Sep",1982,"Australian Capital Territory",785,80,-430
"Dec",1982,"New South Wales",10933,6138,-4193
"Dec",1982,"Victoria",7572,4394,-1739
"Dec",1982,"Queensland",5350,1412,5730
"Dec",1982,"South Australia",2197,1568,60
"Dec",1982,"Western Australia",3340,2362,394
"Dec",1982,"Tasmania",789,216,-328
"Dec",1982,"Northern Territory",531,22,174
"Dec",1982,"Australian Capital Territory",809,209,-98
"Mar",1983,"New South Wales",12635,6483,-2809
"Mar",1983,"Victoria",8082,5952,-1196
"Mar",1983,"Queensland",6857,1876,3430
"Mar",1983,"South Australia",2619,1783,140
"Mar",1983,"Western Australia",3685,2405,34
"Mar",1983,"Tasmania",1001,188,-487
"Mar",1983,"Northern Territory",676,244,285
"Mar",1983,"Australian Capital Territory",811,283,603
"Jun",1983,"New South Wales",10994,3526,-5085
"Jun",1983,"Victoria",7916,3164,-361
"Jun",1983,"Queensland",6926,1089,3487
"Jun",1983,"South Australia",2404,1116,194
"Jun",1983,"Western Australia",3961,1858,578
"Jun",1983,"Tasmania",973,22,156
"Jun",1983,"Northern Territory",606,123,118
"Jun",1983,"Australian Capital Territory",812,-31,913
"Sep",1983,"New South Wales",9047,5174,-2955
"Sep",1983,"Victoria",7339,3664,-1221
"Sep",1983,"Queensland",5906,1187,2932
"Sep",1983,"South Australia",2261,1253,406
"Sep",1983,"Western Australia",3324,1607,444
"Sep",1983,"Tasmania",938,128,54
"Sep",1983,"Northern Territory",488,432,569
"Sep",1983,"Australian Capital Territory",795,199,-229
"Dec",1983,"New South Wales",10084,4901,-3333
"Dec",1983,"Victoria",7226,3525,-1139
"Dec",1983,"Queensland",5340,426,3080
"Dec",1983,"South Australia",2677,1032,88
"Dec",1983,"Western Australia",3748,979,221
"Dec",1983,"Tasmania",831,271,105
"Dec",1983,"Northern Territory",630,16,394
"Dec",1983,"Australian Capital Territory",894,120,584
"Mar",1984,"New South Wales",11563,4748,-1565
"Mar",1984,"Victoria",8542,3623,-155
"Mar",1984,"Queensland",6391,391,2310
"Mar",1984,"South Australia",2801,829,-185
"Mar",1984,"Western Australia",3449,862,-263
"Mar",1984,"Tasmania",968,131,-5
"Mar",1984,"Northern Territory",744,87,-221
"Mar",1984,"Australian Capital Territory",779,346,84
"Jun",1984,"New South Wales",10569,5875,-2414
"Jun",1984,"Victoria",7489,3918,-825
"Jun",1984,"Queensland",6450,1263,1637
"Jun",1984,"South Australia",2580,855,244
"Jun",1984,"Western Australia",3390,820,330
"Jun",1984,"Tasmania",928,129,541
"Jun",1984,"Northern Territory",670,297,-16
"Jun",1984,"Australian Capital Territory",816,10,503
"Sep",1984,"New South Wales",8998,7967,-2640
"Sep",1984,"Victoria",6524,5051,-1255
"Sep",1984,"Queensland",5113,2196,3683
"Sep",1984,"South Australia",2356,948,-601
"Sep",1984,"Western Australia",3627,1673,443
"Sep",1984,"Tasmania",813,201,106
"Sep",1984,"Northern Territory",567,242,417
"Sep",1984,"Australian Capital Territory",789,193,-153
"Dec",1984,"New South Wales",10004,7376,-1646
"Dec",1984,"Victoria",7409,5112,-1167
"Dec",1984,"Queensland",5097,1241,3639
"Dec",1984,"South Australia",2215,1320,-673
"Dec",1984,"Western Australia",2657,1788,-67
"Dec",1984,"Tasmania",828,243,147
"Dec",1984,"Northern Territory",663,140,2
"Dec",1984,"Australian Capital Territory",794,-52,-235
"Mar",1985,"New South Wales",12501,9033,-1219
"Mar",1985,"Victoria",8459,6233,-2328
"Mar",1985,"Queensland",5767,2081,3401
"Mar",1985,"South Australia",2566,1118,-156
"Mar",1985,"Western Australia",3776,2362,370
"Mar",1985,"Tasmania",1067,187,14
"Mar",1985,"Northern Territory",702,350,-237
"Mar",1985,"Australian Capital Territory",787,495,155
"Jun",1985,"New South Wales",10401,6903,-3823
"Jun",1985,"Victoria",7877,3762,-1049
"Jun",1985,"Queensland",6297,2147,2197
"Jun",1985,"South Australia",2560,943,-887
"Jun",1985,"Western Australia",4155,1971,1224
"Jun",1985,"Tasmania",870,138,510
"Jun",1985,"Northern Territory",570,324,426
"Jun",1985,"Australian Capital Territory",808,22,1402
"Sep",1985,"New South Wales",7934,9472,-3549
"Sep",1985,"Victoria",6245,6503,-2754
"Sep",1985,"Queensland",4500,2639,4012
"Sep",1985,"South Australia",1693,1272,-659
"Sep",1985,"Western Australia",3073,2820,2104
"Sep",1985,"Tasmania",829,179,-284
"Sep",1985,"Northern Territory",723,386,466
"Sep",1985,"Australian Capital Territory",775,303,664
"Dec",1985,"New South Wales",10244,11725,-3641
"Dec",1985,"Victoria",7610,7440,-4159
"Dec",1985,"Queensland",5234,2892,4607
"Dec",1985,"South Australia",2476,1414,-197
"Dec",1985,"Western Australia",3268,3421,2032
"Dec",1985,"Tasmania",789,222,21
"Dec",1985,"Northern Territory",679,225,371
"Dec",1985,"Australian Capital Territory",842,339,966
"Mar",1986,"New South Wales",11629,10523,-2127
"Mar",1986,"Victoria",7431,6925,-3458
"Mar",1986,"Queensland",5512,2733,3861
"Mar",1986,"South Australia",2548,1201,-91
"Mar",1986,"Western Australia",3774,3249,2522
"Mar",1986,"Tasmania",836,341,-26
"Mar",1986,"Northern Territory",719,267,-543
"Mar",1986,"Australian Capital Territory",689,511,-138
"Jun",1986,"New South Wales",9623,9202,-3145
"Jun",1986,"Victoria",7808,5552,-2830
"Jun",1986,"Queensland",6533,3118,4020
"Jun",1986,"South Australia",2513,1197,-470
"Jun",1986,"Western Australia",4177,3546,2770
"Jun",1986,"Tasmania",864,148,151
"Jun",1986,"Northern Territory",674,327,-787
"Jun",1986,"Australian Capital Territory",802,267,291
"Sep",1986,"New South Wales",8403,12290,-2476
"Sep",1986,"Victoria",7218,7321,-3195
"Sep",1986,"Queensland",5345,3418,4157
"Sep",1986,"South Australia",2089,1560,-1094
"Sep",1986,"Western Australia",3448,4211,2068
"Sep",1986,"Tasmania",904,208,-229
"Sep",1986,"Northern Territory",685,278,142
"Sep",1986,"Australian Capital Territory",723,306,627
"Dec",1986,"New South Wales",12709,12826,-1397
"Dec",1986,"Victoria",7530,8440,-3812
"Dec",1986,"Queensland",5120,3250,4969
"Dec",1986,"South Australia",2263,2005,-1344
"Dec",1986,"Western Australia",3530,4507,1281
"Dec",1986,"Tasmania",892,309,-260
"Dec",1986,"Northern Territory",576,185,201
"Dec",1986,"Australian Capital Territory",860,442,362
"Mar",1987,"New South Wales",9839,14819,-2887
"Mar",1987,"Victoria",8036,9715,-3921
"Mar",1987,"Queensland",5556,3066,6292
"Mar",1987,"South Australia",2566,1430,-794
"Mar",1987,"Western Australia",3442,4814,1584
"Mar",1987,"Tasmania",891,190,-688
"Mar",1987,"Northern Territory",822,315,15
"Mar",1987,"Australian Capital Territory",778,709,399
"Jun",1987,"New South Wales",10350,12758,-2764
"Jun",1987,"Victoria",7772,7360,-2177
"Jun",1987,"Queensland",5754,3437,4300
"Jun",1987,"South Australia",2133,1205,-745
"Jun",1987,"Western Australia",4251,3782,1643
"Jun",1987,"Tasmania",828,163,-331
"Jun",1987,"Northern Territory",619,244,-478
"Jun",1987,"Australian Capital Territory",726,167,552
"Sep",1987,"New South Wales",9509,15572,-2003
"Sep",1987,"Victoria",7118,10088,-3371
"Sep",1987,"Queensland",4640,4387,4950
"Sep",1987,"South Australia",2031,1464,-48
"Sep",1987,"Western Australia",3706,4757,918
"Sep",1987,"Tasmania",728,291,-847
"Sep",1987,"Northern Territory",750,330,-185
"Sep",1987,"Australian Capital Territory",773,545,586
"Dec",1987,"New South Wales",14206,15170,-3141
"Dec",1987,"Victoria",7032,8841,-4396
"Dec",1987,"Queensland",4554,4459,7329
"Dec",1987,"South Australia",1974,1446,-144
"Dec",1987,"Western Australia",3053,4200,1143
"Dec",1987,"Tasmania",706,206,-440
"Dec",1987,"Northern Territory",662,98,-904
"Dec",1987,"Australian Capital Territory",833,32,553
"Mar",1988,"New South Wales",8547,18575,-4029
"Mar",1988,"Victoria",8294,11808,-4823
"Mar",1988,"Queensland",5691,6643,9097
"Mar",1988,"South Australia",2252,1841,-459
"Mar",1988,"Western Australia",4546,6916,1094
"Mar",1988,"Tasmania",791,335,-349
"Mar",1988,"Northern Territory",614,356,-1093
"Mar",1988,"Australian Capital Territory",826,788,562
"Jun",1988,"New South Wales",9821,12173,-4167
"Jun",1988,"Victoria",8141,6515,-1833
"Jun",1988,"Queensland",5573,4953,6344
"Jun",1988,"South Australia",2232,1201,-589
"Jun",1988,"Western Australia",3835,4972,1119
"Jun",1988,"Tasmania",830,59,-288
"Jun",1988,"Northern Territory",729,243,-947
"Jun",1988,"Australian Capital Territory",740,77,361
"Sep",1988,"New South Wales",9053,21495,-7495
"Sep",1988,"Victoria",7253,12862,-2076
"Sep",1988,"Queensland",4843,7507,8992
"Sep",1988,"South Australia",1787,2589,-333
"Sep",1988,"Western Australia",3545,8057,1590
"Sep",1988,"Tasmania",677,284,-194
"Sep",1988,"Northern Territory",560,316,-143
"Sep",1988,"Australian Capital Territory",813,477,-341
"Dec",1988,"New South Wales",12550,16998,-7594
"Dec",1988,"Victoria",7720,10603,-3167
"Dec",1988,"Queensland",5651,5861,9828
"Dec",1988,"South Australia",2194,1533,138
"Dec",1988,"Western Australia",3685,6079,1425
"Dec",1988,"Tasmania",934,184,-232
"Dec",1988,"Northern Territory",660,168,-141
"Dec",1988,"Australian Capital Territory",940,326,-257
"Mar",1989,"New South Wales",12245,16594,-11342
"Mar",1989,"Victoria",8844,11191,-5125
"Mar",1989,"Queensland",5872,5637,15327
"Mar",1989,"South Australia",2581,1708,573
"Mar",1989,"Western Australia",3881,6773,461
"Mar",1989,"Tasmania",805,264,92
"Mar",1989,"Northern Territory",545,382,-458
"Mar",1989,"Australian Capital Territory",842,439,472
"Jun",1989,"New South Wales",10588,7549,-11543
"Jun",1989,"Victoria",7796,4758,-2136
"Jun",1989,"Queensland",5966,2771,12915
"Jun",1989,"South Australia",2102,835,-599
"Jun",1989,"Western Australia",4242,3256,1541
"Jun",1989,"Tasmania",775,24,537
"Jun",1989,"Northern Territory",733,78,-727
"Jun",1989,"Australian Capital Territory",706,-162,12
"Sep",1989,"New South Wales",5708,14092,-10427
"Sep",1989,"Victoria",7117,8958,-2340
"Sep",1989,"Queensland",4898,4024,11289
"Sep",1989,"South Australia",1490,1506,-170
"Sep",1989,"Western Australia",3694,4972,1338
"Sep",1989,"Tasmania",725,159,681
"Sep",1989,"Northern Territory",611,266,-406
"Sep",1989,"Australian Capital Territory",777,211,35
"Dec",1989,"New South Wales",12189,14459,-9163
"Dec",1989,"Victoria",7866,9150,-1966
"Dec",1989,"Queensland",4890,3434,9441
"Dec",1989,"South Australia",2089,1749,136
"Dec",1989,"Western Australia",3691,3728,872
"Dec",1989,"Tasmania",818,309,446
"Dec",1989,"Northern Territory",703,106,-410
"Dec",1989,"Australian Capital Territory",832,258,644
"Mar",1990,"New South Wales",10140,13847,-8884
"Mar",1990,"Victoria",9598,10226,-3139
"Mar",1990,"Queensland",6762,3037,11167
"Mar",1990,"South Australia",2457,1540,267
"Mar",1990,"Western Australia",4365,4905,716
"Mar",1990,"Tasmania",934,238,481
"Mar",1990,"Northern Territory",639,280,-502
"Mar",1990,"Australian Capital Territory",954,577,-106
"Jun",1990,"New South Wales",13609,9801,-7509
"Jun",1990,"Victoria",9111,5679,-384
"Jun",1990,"Queensland",7064,2647,6205
"Jun",1990,"South Australia",2217,967,-485
"Jun",1990,"Western Australia",4023,3233,86
"Jun",1990,"Tasmania",875,54,1182
"Jun",1990,"Northern Territory",752,266,148
"Jun",1990,"Australian Capital Territory",811,-31,757
"Sep",1990,"New South Wales",10339,10649,-5141
"Sep",1990,"Victoria",8473,6884,-2322
"Sep",1990,"Queensland",6011,2596,6175
"Sep",1990,"South Australia",1998,1168,446
"Sep",1990,"Western Australia",3923,2951,267
"Sep",1990,"Tasmania",688,116,412
"Sep",1990,"Northern Territory",767,268,-332
"Sep",1990,"Australian Capital Territory",699,224,495
"Dec",1990,"New South Wales",12633,7053,-6389
"Dec",1990,"Victoria",8802,4374,-3208
"Dec",1990,"Queensland",5710,990,9002
"Dec",1990,"South Australia",2253,1016,287
"Dec",1990,"Western Australia",3638,1717,-471
"Dec",1990,"Tasmania",833,59,94
"Dec",1990,"Northern Territory",617,28,49
"Dec",1990,"Australian Capital Territory",891,-228,636
"Mar",1991,"New South Wales",11579,12878,-3372
"Mar",1991,"Victoria",9146,9336,-5335
"Mar",1991,"Queensland",6377,4082,8867
"Mar",1991,"South Australia",2545,1540,575
"Mar",1991,"Western Australia",4202,4218,-1111
"Mar",1991,"Tasmania",858,272,155
"Mar",1991,"Northern Territory",670,215,-537
"Mar",1991,"Australian Capital Territory",912,576,758
"Jun",1991,"New South Wales",12541,5916,-2304
"Jun",1991,"Victoria",8529,2919,-3988
"Jun",1991,"Queensland",6949,2075,5665
"Jun",1991,"South Australia",1971,895,237
"Jun",1991,"Western Australia",4401,1719,-476
"Jun",1991,"Tasmania",881,-39,155
"Jun",1991,"Northern Territory",789,110,-332
"Jun",1991,"Australian Capital Territory",961,-145,1043
"Sep",1991,"New South Wales",10526,11509,-2989
"Sep",1991,"Victoria",7932,6637,-4626
"Sep",1991,"Queensland",5929,3210,7384
"Sep",1991,"South Australia",1908,1103,156
"Sep",1991,"Western Australia",3670,2982,-185
"Sep",1991,"Tasmania",739,51,91
"Sep",1991,"Northern Territory",688,210,90
"Sep",1991,"Australian Capital Territory",819,110,79
"Dec",1991,"New South Wales",11305,4838,-3719
"Dec",1991,"Victoria",8493,2586,-4506
"Dec",1991,"Queensland",6086,812,9047
"Dec",1991,"South Australia",2095,477,-325
"Dec",1991,"Western Australia",3624,909,-87
"Dec",1991,"Tasmania",791,2,-30
"Dec",1991,"Northern Territory",644,-130,-419
"Dec",1991,"Australian Capital Territory",994,-204,39
"Mar",1992,"New South Wales",13105,11443,-5164
"Mar",1992,"Victoria",9173,7741,-5954
"Mar",1992,"Queensland",7046,3291,11028
"Mar",1992,"South Australia",2544,1127,50
"Mar",1992,"Western Australia",4049,2866,-293
"Mar",1992,"Tasmania",929,60,-154
"Mar",1992,"Northern Territory",736,160,-56
"Mar",1992,"Australian Capital Territory",851,384,543
"Jun",1992,"New South Wales",11054,3388,-1935
"Jun",1992,"Victoria",7921,1398,-3341
"Jun",1992,"Queensland",6785,937,6640
"Jun",1992,"South Australia",2048,190,-539
"Jun",1992,"Western Australia",3927,908,-749
"Jun",1992,"Tasmania",767,-77,-196
"Jun",1992,"Northern Territory",858,-76,-584
"Jun",1992,"Australian Capital Territory",781,-262,704
"Sep",1992,"New South Wales",11050,6423,-3407
"Sep",1992,"Victoria",8227,3914,-6596
"Sep",1992,"Queensland",5806,2169,11467
"Sep",1992,"South Australia",1833,634,-1324
"Sep",1992,"Western Australia",3637,1815,534
"Sep",1992,"Tasmania",723,95,-417
"Sep",1992,"Northern Territory",668,81,-431
"Sep",1992,"Australian Capital Territory",886,-38,174
"Dec",1992,"New South Wales",11571,1890,-5250
"Dec",1992,"Victoria",8498,935,-5120
"Dec",1992,"Queensland",6301,-113,11289
"Dec",1992,"South Australia",2088,184,-810
"Dec",1992,"Western Australia",3432,336,-230
"Dec",1992,"Tasmania",835,-38,-44
"Dec",1992,"Northern Territory",706,-86,462
"Dec",1992,"Australian Capital Territory",868,-321,-297
"Mar",1993,"New South Wales",12716,6812,-5784
"Mar",1993,"Victoria",8826,4882,-7738
"Mar",1993,"Queensland",7057,2476,16153
"Mar",1993,"South Australia",2249,945,-2136
"Mar",1993,"Western Australia",3905,2859,-1252
"Mar",1993,"Tasmania",830,182,-471
"Mar",1993,"Northern Territory",741,100,-182
"Mar",1993,"Australian Capital Territory",849,246,1410
"Jun",1993,"New South Wales",11364,-2497,-3094
"Jun",1993,"Victoria",8130,-1766,-5934
"Jun",1993,"Queensland",6905,-813,10253
"Jun",1993,"South Australia",2298,-217,-940
"Jun",1993,"Western Australia",3830,-370,796
"Jun",1993,"Tasmania",750,-136,-562
"Jun",1993,"Northern Territory",742,-51,-548
"Jun",1993,"Australian Capital Territory",835,-490,29
"Sep",1993,"New South Wales",10665,8122,-2998
"Sep",1993,"Victoria",7733,3824,-8573
"Sep",1993,"Queensland",6503,2385,12267
"Sep",1993,"South Australia",1910,937,-786
"Sep",1993,"Western Australia",3442,2221,360
"Sep",1993,"Tasmania",761,99,-351
"Sep",1993,"Northern Territory",688,116,126
"Sep",1993,"Australian Capital Territory",790,97,-45
"Dec",1993,"New South Wales",11399,3199,-2895
"Dec",1993,"Victoria",8328,1057,-6473
"Dec",1993,"Queensland",6378,118,10143
"Dec",1993,"South Australia",1826,163,-799
"Dec",1993,"Western Australia",3467,850,842
"Dec",1993,"Tasmania",843,-26,-490
"Dec",1993,"Northern Territory",726,-57,-215
"Dec",1993,"Australian Capital Territory",831,-445,-113
"Mar",1994,"New South Wales",12350,8097,-2330
"Mar",1994,"Victoria",8838,4946,-8543
"Mar",1994,"Queensland",6803,2279,12793
"Mar",1994,"South Australia",2393,899,-1445
"Mar",1994,"Western Australia",3919,2952,1096
"Mar",1994,"Tasmania",824,118,-862
"Mar",1994,"Northern Territory",743,78,-425
"Mar",1994,"Australian Capital Territory",852,170,-284
"Jun",1994,"New South Wales",10359,2511,-3957
"Jun",1994,"Victoria",7679,871,-5606
"Jun",1994,"Queensland",6501,459,9733
"Jun",1994,"South Australia",1878,-5,-948
"Jun",1994,"Western Australia",3671,695,1527
"Jun",1994,"Tasmania",688,1,-404
"Jun",1994,"Northern Territory",723,58,-361
"Jun",1994,"Australian Capital Territory",817,-240,16
"Sep",1994,"New South Wales",9484,12369,-2412
"Sep",1994,"Victoria",6958,6111,-5694
"Sep",1994,"Queensland",5616,4131,9339
"Sep",1994,"South Australia",1572,937,-1504
"Sep",1994,"Western Australia",3571,3563,1487
"Sep",1994,"Tasmania",617,175,-409
"Sep",1994,"Northern Territory",642,265,-519
"Sep",1994,"Australian Capital Territory",824,216,-288
"Dec",1994,"New South Wales",11082,2602,-3658
"Dec",1994,"Victoria",8311,1405,-4907
"Dec",1994,"Queensland",6446,-160,9954
"Dec",1994,"South Australia",1958,38,-1357
"Dec",1994,"Western Australia",3488,751,541
"Dec",1994,"Tasmania",845,-82,-753
"Dec",1994,"Northern Territory",693,-86,367
"Dec",1994,"Australian Capital Territory",766,-618,-187
"Mar",1995,"New South Wales",11907,9776,-4447
"Mar",1995,"Victoria",8516,6915,-6357
"Mar",1995,"Queensland",7243,3049,10659
"Mar",1995,"South Australia",2440,943,-2214
"Mar",1995,"Western Australia",4133,3269,1698
"Mar",1995,"Tasmania",792,190,-746
"Mar",1995,"Northern Territory",803,117,778
"Mar",1995,"Australian Capital Territory",848,437,629
"Jun",1995,"New South Wales",10610,11205,-2961
"Jun",1995,"Victoria",7563,4864,-5062
"Jun",1995,"Queensland",6749,3560,10272
"Jun",1995,"South Australia",1983,965,-1994
"Jun",1995,"Western Australia",3602,2925,1375
"Jun",1995,"Tasmania",722,27,-748
"Jun",1995,"Northern Territory",744,171,-242
"Jun",1995,"Australian Capital Territory",812,95,-640
"Sep",1995,"New South Wales",9602,12797,-2527
"Sep",1995,"Victoria",6873,6962,-4088
"Sep",1995,"Queensland",6248,4134,8643
"Sep",1995,"South Australia",1839,1024,-2144
"Sep",1995,"Western Australia",3498,3651,1123
"Sep",1995,"Tasmania",714,143,-623
"Sep",1995,"Northern Territory",754,238,-188
"Sep",1995,"Australian Capital Territory",804,193,-196
"Dec",1995,"New South Wales",10234,14384,-4506
"Dec",1995,"Victoria",7243,7435,-2698
"Dec",1995,"Queensland",6047,2967,8898
"Dec",1995,"South Australia",1669,980,-1493
"Dec",1995,"Western Australia",3181,3203,317
"Dec",1995,"Tasmania",583,46,-614
"Dec",1995,"Northern Territory",626,146,1068
"Dec",1995,"Australian Capital Territory",814,53,-972
"Mar",1996,"New South Wales",10978,11172,-5522
"Mar",1996,"Victoria",7665,6772,-3203
"Mar",1996,"Queensland",6658,2902,9495
"Mar",1996,"South Australia",2212,896,-1465
"Mar",1996,"Western Australia",3699,3182,1188
"Mar",1996,"Tasmania",713,115,-884
"Mar",1996,"Northern Territory",718,61,-46
"Mar",1996,"Australian Capital Territory",759,42,437
"Jun",1996,"New South Wales",9970,9692,-2215
"Jun",1996,"Victoria",6719,4523,-2811
"Jun",1996,"Queensland",6348,3048,5578
"Jun",1996,"South Australia",1780,753,-1090
"Jun",1996,"Western Australia",3575,2303,1438
"Jun",1996,"Tasmania",511,94,-469
"Jun",1996,"Northern Territory",731,124,-506
"Jun",1996,"Australian Capital Territory",685,102,75
"Sep",1996,"New South Wales",9227,13982,-3401
"Sep",1996,"Victoria",6606,7794,-2606
"Sep",1996,"Queensland",5575,4814,6409
"Sep",1996,"South Australia",1432,1069,-1209
"Sep",1996,"Western Australia",3242,3967,1289
"Sep",1996,"Tasmania",633,164,-650
"Sep",1996,"Northern Territory",692,321,647
"Sep",1996,"Australian Capital Territory",782,179,-467
"Dec",1996,"New South Wales",12080,9484,-3241
"Dec",1996,"Victoria",7745,4343,-1361
"Dec",1996,"Queensland",6114,1946,5321
"Dec",1996,"South Australia",1796,758,-855
"Dec",1996,"Western Australia",3464,2888,994
"Dec",1996,"Tasmania",654,82,-919
"Dec",1996,"Northern Territory",629,67,365
"Dec",1996,"Australian Capital Territory",807,-190,-292
"Mar",1997,"New South Wales",11166,11134,-2519
"Mar",1997,"Victoria",7470,7982,-684
"Mar",1997,"Queensland",6527,4506,3561
"Mar",1997,"South Australia",2051,1143,-710
"Mar",1997,"Western Australia",3923,4309,1795
"Mar",1997,"Tasmania",640,32,-740
"Mar",1997,"Northern Territory",707,125,-2
"Mar",1997,"Australian Capital Territory",712,132,-688
"Jun",1997,"New South Wales",10804,2691,-1500
"Jun",1997,"Victoria",6842,959,-1544
"Jun",1997,"Queensland",7370,1354,4314
"Jun",1997,"South Australia",1672,136,-544
"Jun",1997,"Western Australia",3529,1116,582
"Jun",1997,"Tasmania",517,-24,-1016
"Jun",1997,"Northern Territory",705,28,744
"Jun",1997,"Australian Capital Territory",742,-191,-1023
"Sep",1997,"New South Wales",8534,9222,-3144
"Sep",1997,"Victoria",6093,5593,-539
"Sep",1997,"Queensland",5750,4116,5274
"Sep",1997,"South Australia",1407,813,-468
"Sep",1997,"Western Australia",2970,3021,676
"Sep",1997,"Tasmania",433,-20,-791
"Sep",1997,"Northern Territory",684,262,-62
"Sep",1997,"Australian Capital Territory",646,-79,-934
"Dec",1997,"New South Wales",11009,6668,-3555
"Dec",1997,"Victoria",7447,2683,126
"Dec",1997,"Queensland",5754,1831,4995
"Dec",1997,"South Australia",1650,758,-743
"Dec",1997,"Western Australia",3253,2355,727
"Dec",1997,"Tasmania",547,9,-864
"Dec",1997,"Northern Territory",648,-2,-139
"Dec",1997,"Australian Capital Territory",711,-247,-536
"Mar",1998,"New South Wales",10460,12292,-2425
"Mar",1998,"Victoria",7408,9464,117
"Mar",1998,"Queensland",6635,4901,2925
"Mar",1998,"South Australia",2074,1382,-283
"Mar",1998,"Western Australia",3761,5019,1312
"Mar",1998,"Tasmania",625,88,-952
"Mar",1998,"Northern Territory",755,191,-203
"Mar",1998,"Australian Capital Territory",766,360,-477
"Jun",1998,"New South Wales",10042,3661,-3125
"Jun",1998,"Victoria",6774,1573,26
"Jun",1998,"Queensland",6508,1642,4230
"Jun",1998,"South Australia",1471,207,-502
"Jun",1998,"Western Australia",3732,1598,512
"Jun",1998,"Tasmania",499,-38,-1026
"Jun",1998,"Northern Territory",738,109,-68
"Jun",1998,"Australian Capital Territory",713,-276,-35
"Sep",1998,"New South Wales",9193,11777,-2663
"Sep",1998,"Victoria",6213,6753,-427
"Sep",1998,"Queensland",5821,3479,3638
"Sep",1998,"South Australia",1279,209,-144
"Sep",1998,"Western Australia",3408,4190,838
"Sep",1998,"Tasmania",605,120,-750
"Sep",1998,"Northern Territory",609,167,-54
"Sep",1998,"Australian Capital Territory",682,-161,-427
"Dec",1998,"New South Wales",10940,7498,-3750
"Dec",1998,"Victoria",6799,5758,1678
"Dec",1998,"Queensland",5675,2460,4640
"Dec",1998,"South Australia",1720,1330,-552
"Dec",1998,"Western Australia",3558,2271,-281
"Dec",1998,"Tasmania",660,343,-1007
"Dec",1998,"Northern Territory",597,374,-363
"Dec",1998,"Australian Capital Territory",770,44,-353
"Mar",1999,"New South Wales",10914,13771,-2909
"Mar",1999,"Victoria",7680,9803,526
"Mar",1999,"Queensland",6818,5535,3682
"Mar",1999,"South Australia",2100,1000,-381
"Mar",1999,"Western Australia",3688,4634,77
"Mar",1999,"Tasmania",680,-98,-862
"Mar",1999,"Northern Territory",742,218,-174
"Mar",1999,"Australian Capital Territory",759,239,54
"Jun",1999,"New South Wales",10258,8042,-3728
"Jun",1999,"Victoria",6385,2377,750
"Jun",1999,"Queensland",6122,2236,4722
"Jun",1999,"South Australia",1652,143,-554
"Jun",1999,"Western Australia",3855,2286,-338
"Jun",1999,"Tasmania",713,-194,-698
"Jun",1999,"Northern Territory",801,247,-362
"Jun",1999,"Australian Capital Territory",722,-347,220
"Sep",1999,"New South Wales",9676,11258,-2970
"Sep",1999,"Victoria",7019,7544,689
"Sep",1999,"Queensland",5774,3903,4057
"Sep",1999,"South Australia",1419,1018,-326
"Sep",1999,"Western Australia",3159,5502,-448
"Sep",1999,"Tasmania",512,179,-600
"Sep",1999,"Northern Territory",637,429,-364
"Sep",1999,"Australian Capital Territory",695,-115,-26
"Dec",1999,"New South Wales",10369,10763,-4295
"Dec",1999,"Victoria",6997,5122,1918
"Dec",1999,"Queensland",5843,5497,4572
"Dec",1999,"South Australia",1611,1528,-943
"Dec",1999,"Western Australia",3547,1570,-767
"Dec",1999,"Tasmania",518,228,-686
"Dec",1999,"Northern Territory",599,173,83
"Dec",1999,"Australian Capital Territory",622,-264,130
"Mar",2000,"New South Wales",11374,14023,-3580
"Mar",2000,"Victoria",7277,11255,1529
"Mar",2000,"Queensland",7000,5258,5133
"Mar",2000,"South Australia",1828,1213,-1425
"Mar",2000,"Western Australia",3791,5113,-674
"Mar",2000,"Tasmania",569,84,-687
"Mar",2000,"Northern Territory",744,178,-472
"Mar",2000,"Australian Capital Territory",686,304,189
"Jun",2000,"New South Wales",10483,7645,-3429
"Jun",2000,"Victoria",6449,3061,1083
"Jun",2000,"Queensland",6035,2856,4691
"Jun",2000,"South Australia",1448,70,-837
"Jun",2000,"Western Australia",3332,1808,-298
"Jun",2000,"Tasmania",490,-56,-659
"Jun",2000,"Northern Territory",742,162,-154
"Jun",2000,"Australian Capital Territory",793,-24,-384
"Sep",2000,"New South Wales",9137,13329,-3427
"Sep",2000,"Victoria",6241,8744,1226
"Sep",2000,"Queensland",6012,4421,4653
"Sep",2000,"South Australia",1147,877,-618
"Sep",2000,"Western Australia",3538,4098,-660
"Sep",2000,"Tasmania",476,-48,-649
"Sep",2000,"Northern Territory",643,279,-374
"Sep",2000,"Australian Capital Territory",662,204,-145
"Dec",2000,"New South Wales",11361,12348,-4272
"Dec",2000,"Victoria",6782,6403,1082
"Dec",2000,"Queensland",6055,3382,5890
"Dec",2000,"South Australia",1385,566,-789
"Dec",2000,"Western Australia",3352,3946,-869
"Dec",2000,"Tasmania",563,12,-538
"Dec",2000,"Northern Territory",654,81,-621
"Dec",2000,"Australian Capital Territory",747,-133,122
"Mar",2001,"New South Wales",10883,22036,-4182
"Mar",2001,"Victoria",6832,15900,1986
"Mar",2001,"Queensland",6724,8873,4301
"Mar",2001,"South Australia",1691,1276,-821
"Mar",2001,"Western Australia",3705,5715,-669
"Mar",2001,"Tasmania",589,129,-393
"Mar",2001,"Northern Territory",763,240,-374
"Mar",2001,"Australian Capital Territory",692,611,158
"Jun",2001,"New South Wales",10020,10906,-4434
"Jun",2001,"Victoria",6581,4289,869
"Jun",2001,"Queensland",6597,4327,5180
"Jun",2001,"South Australia",1272,46,-190
"Jun",2001,"Western Australia",3371,2504,-912
"Jun",2001,"Tasmania",419,8,-556
"Jun",2001,"Northern Territory",792,278,-223
"Jun",2001,"Australian Capital Territory",581,37,272
"Sep",2001,"New South Wales",9475,11376,-4092
"Sep",2001,"Victoria",7029,3759,1020
"Sep",2001,"Queensland",6235,7832,5363
"Sep",2001,"South Australia",1316,520,-509
"Sep",2001,"Western Australia",3228,3932,-627
"Sep",2001,"Tasmania",386,-29,-392
"Sep",2001,"Northern Territory",693,217,-414
"Sep",2001,"Australian Capital Territory",618,111,-342
"Dec",2001,"New South Wales",9757,12872,-6814
"Dec",2001,"Victoria",6689,5614,1229
"Dec",2001,"Queensland",5842,6491,7833
"Dec",2001,"South Australia",1195,1468,-32
"Dec",2001,"Western Australia",3164,4196,-1229
"Dec",2001,"Tasmania",534,421,-503
"Dec",2001,"Northern Territory",681,61,-740
"Dec",2001,"Australian Capital Territory",584,76,265
"Mar",2002,"New South Wales",11439,14230,-6631
"Mar",2002,"Victoria",7387,8917,1796
"Mar",2002,"Queensland",6471,6960,6746
"Mar",2002,"South Australia",1876,499,-396
"Mar",2002,"Western Australia",3614,4947,-778
"Mar",2002,"Tasmania",583,65,-226
"Mar",2002,"Northern Territory",742,296,-663
"Mar",2002,"Australian Capital Territory",708,443,161
"Jun",2002,"New South Wales",9377,5933,-7565
"Jun",2002,"Victoria",6677,1962,-436
"Jun",2002,"Queensland",6306,5205,10093
"Jun",2002,"South Australia",1407,311,-371
"Jun",2002,"Western Australia",3227,1895,-948
"Jun",2002,"Tasmania",479,-150,-302
"Jun",2002,"Northern Territory",723,81,-181
"Jun",2002,"Australian Capital Territory",651,68,-281
"Sep",2002,"New South Wales",8450,10844,-7317
"Sep",2002,"Victoria",6231,6144,-489
"Sep",2002,"Queensland",5268,8777,9565
"Sep",2002,"South Australia",1060,706,107
"Sep",2002,"Western Australia",2852,2951,-778
"Sep",2002,"Tasmania",480,40,40
"Sep",2002,"Northern Territory",716,192,-827
"Sep",2002,"Australian Capital Territory",678,242,-293
"Dec",2002,"New South Wales",10587,9885,-9561
"Dec",2002,"Victoria",7045,6606,273
"Dec",2002,"Queensland",5756,6991,11033
"Dec",2002,"South Australia",1254,1153,-568
"Dec",2002,"Western Australia",3226,3865,-899
"Dec",2002,"Tasmania",431,570,466
"Dec",2002,"Northern Territory",672,-161,-769
"Dec",2002,"Australian Capital Territory",631,21,35
"Mar",2003,"New South Wales",10787,15031,-7417
"Mar",2003,"Victoria",7268,10691,517
"Mar",2003,"Queensland",6667,7697,7943
"Mar",2003,"South Australia",1528,1486,-385
"Mar",2003,"Western Australia",3347,5717,-286
"Mar",2003,"Tasmania",487,349,842
"Mar",2003,"Northern Territory",796,-13,-1011
"Mar",2003,"Australian Capital Territory",693,630,-195
"Jun",2003,"New South Wales",10149,5159,-8172
"Jun",2003,"Victoria",6601,3336,-1044
"Jun",2003,"Queensland",6644,3657,9443
"Jun",2003,"South Australia",1401,559,-345
"Jun",2003,"Western Australia",3439,3042,-9
"Jun",2003,"Tasmania",351,55,645
"Jun",2003,"Northern Territory",762,307,-161
"Jun",2003,"Australian Capital Territory",618,-8,-349
"Sep",2003,"New South Wales",8878,7722,-7741
"Sep",2003,"Victoria",6634,7107,-475
"Sep",2003,"Queensland",5992,6959,8866
"Sep",2003,"South Australia",1153,982,-588
"Sep",2003,"Western Australia",2804,3983,410
"Sep",2003,"Tasmania",377,162,851
"Sep",2003,"Northern Territory",668,266,-624
"Sep",2003,"Australian Capital Territory",658,49,-691
"Dec",2003,"New South Wales",10151,7481,-8616
"Dec",2003,"Victoria",7380,5435,-1219
"Dec",2003,"Queensland",6439,6747,10101
"Dec",2003,"South Australia",1408,1217,-334
"Dec",2003,"Western Australia",2890,3977,344
"Dec",2003,"Tasmania",576,294,799
"Dec",2003,"Northern Territory",658,4,-487
"Dec",2003,"Australian Capital Territory",719,58,-579
"Mar",2004,"New South Wales",11413,11640,-7239
"Mar",2004,"Victoria",7762,9740,-365
"Mar",2004,"Queensland",6747,7782,7675
"Mar",2004,"South Australia",1489,1480,-946
"Mar",2004,"Western Australia",3850,3990,686
"Mar",2004,"Tasmania",468,205,779
"Mar",2004,"Northern Territory",740,226,-425
"Mar",2004,"Australian Capital Territory",703,408,-155
"Jun",2004,"New South Wales",9023,2977,-7502
"Jun",2004,"Victoria",6575,2738,-992
"Jun",2004,"Queensland",6123,3911,8856
"Jun",2004,"South Australia",1358,626,-1042
"Jun",2004,"Western Australia",3570,1684,655
"Jun",2004,"Tasmania",309,39,145
"Jun",2004,"Northern Territory",689,152,49
"Jun",2004,"Australian Capital Territory",595,-59,-161
"Sep",2004,"New South Wales",8592,9151,-6116
"Sep",2004,"Victoria",7247,8892,-672
"Sep",2004,"Queensland",6282,6152,7315
"Sep",2004,"South Australia",1078,1483,-468
"Sep",2004,"Western Australia",3147,3876,463
"Sep",2004,"Tasmania",520,243,158
"Sep",2004,"Northern Territory",638,464,-11
"Sep",2004,"Australian Capital Territory",711,131,-663
"Dec",2004,"New South Wales",9910,7901,-7071
"Dec",2004,"Victoria",7160,6438,-554
"Dec",2004,"Queensland",5946,7909,8506
"Dec",2004,"South Australia",1386,1482,-1063
"Dec",2004,"Western Australia",3301,4424,508
"Dec",2004,"Tasmania",520,440,-71
"Dec",2004,"Northern Territory",578,80,-95
"Dec",2004,"Australian Capital Territory",689,-179,-152
"Mar",2005,"New South Wales",11677,13768,-6828
"Mar",2005,"Victoria",7881,13482,-910
"Mar",2005,"Queensland",7736,9265,7467
"Mar",2005,"South Australia",1879,3138,-1017
"Mar",2005,"Western Australia",4033,6131,739
"Mar",2005,"Tasmania",549,430,107
"Mar",2005,"Northern Territory",660,272,342
"Mar",2005,"Australian Capital Territory",719,584,108
"Jun",2005,"New South Wales",11201,4385,-6306
"Jun",2005,"Victoria",7620,3480,-934
"Jun",2005,"Queensland",8103,6229,7083
"Jun",2005,"South Australia",1536,917,-678
"Jun",2005,"Western Australia",3792,2729,531
"Jun",2005,"Tasmania",550,-68,73
"Jun",2005,"Northern Territory",682,188,374
"Jun",2005,"Australian Capital Territory",656,-50,-135
"Sep",2005,"New South Wales",10493,10786,-5563
"Sep",2005,"Victoria",7176,9955,-1033
"Sep",2005,"Queensland",7193,8406,6313
"Sep",2005,"South Australia",1181,2550,-724
"Sep",2005,"Western Australia",3568,5108,992
"Sep",2005,"Tasmania",585,217,-6
"Sep",2005,"Northern Territory",704,365,20
"Sep",2005,"Australian Capital Territory",679,69,11
"Dec",2005,"New South Wales",11236,8641,-7787
"Dec",2005,"Victoria",7866,8892,-694
"Dec",2005,"Queensland",7038,8277,8278
"Dec",2005,"South Australia",1471,2130,-947
"Dec",2005,"Western Australia",3592,5952,556
"Dec",2005,"Tasmania",712,463,132
"Dec",2005,"Northern Territory",613,262,-10
"Dec",2005,"Australian Capital Territory",749,71,486
"Mar",2006,"New South Wales",10033,15160,-6188
"Mar",2006,"Victoria",8341,15469,298
"Mar",2006,"Queensland",7851,10077,5464
"Mar",2006,"South Australia",1868,3432,-205
"Mar",2006,"Western Australia",4144,7510,1387
"Mar",2006,"Tasmania",748,383,13
"Mar",2006,"Northern Territory",724,768,-295
"Mar",2006,"Australian Capital Territory",815,413,-463
"Jun",2006,"New South Wales",10763,3936,-6038
"Jun",2006,"Victoria",7324,5245,-402
"Jun",2006,"Queensland",7497,6192,6552
"Jun",2006,"South Australia",1338,1701,-835
"Jun",2006,"Western Australia",3881,3785,998
"Jun",2006,"Tasmania",382,103,-221
"Jun",2006,"Northern Territory",723,496,-268
"Jun",2006,"Australian Capital Territory",665,-52,224
"Sep",2006,"New South Wales",11589,18905,-5523
"Sep",2006,"Victoria",8554,14853,-203
"Sep",2006,"Queensland",7836,10814,4853
"Sep",2006,"South Australia",1652,3703,-500
"Sep",2006,"Western Australia",4325,7687,1076
"Sep",2006,"Tasmania",753,392,-159
"Sep",2006,"Northern Territory",650,231,267
"Sep",2006,"Australian Capital Territory",845,363,158
"Dec",2006,"New South Wales",12346,17010,-7796
"Dec",2006,"Victoria",8539,13011,-306
"Dec",2006,"Queensland",7731,9170,7284
"Dec",2006,"South Australia",1592,3475,-1053
"Dec",2006,"Western Australia",4097,7221,1152
"Dec",2006,"Tasmania",802,406,-118
"Dec",2006,"Northern Territory",673,25,-35
"Dec",2006,"Australian Capital Territory",699,307,832
"Mar",2007,"New South Wales",13709,23022,-6051
"Mar",2007,"Victoria",9463,22045,-556
"Mar",2007,"Queensland",8927,14047,5619
"Mar",2007,"South Australia",2176,4820,-1033
"Mar",2007,"Western Australia",4626,10277,1490
"Mar",2007,"Tasmania",651,447,-55
"Mar",2007,"Northern Territory",762,477,43
"Mar",2007,"Australian Capital Territory",747,913,506
"Jun",2007,"New South Wales",12570,14633,-6901
"Jun",2007,"Victoria",8237,12630,-552
"Jun",2007,"Queensland",8649,12114,5625
"Jun",2007,"South Australia",1628,2635,-785
"Jun",2007,"Western Australia",4287,6196,1644
"Jun",2007,"Tasmania",582,192,-205
"Jun",2007,"Northern Territory",737,420,168
"Jun",2007,"Australian Capital Territory",776,353,969
"Sep",2007,"New South Wales",11319,20903,-4892
"Sep",2007,"Victoria",8672,17509,-148
"Sep",2007,"Queensland",8511,10750,4775
"Sep",2007,"South Australia",1558,3345,-888
"Sep",2007,"Western Australia",4192,9211,932
"Sep",2007,"Tasmania",582,422,247
"Sep",2007,"Northern Territory",665,266,426
"Sep",2007,"Australian Capital Territory",772,407,-485
"Dec",2007,"New South Wales",12601,18339,-5070
"Dec",2007,"Victoria",9023,14288,-1302
"Dec",2007,"Queensland",8441,10770,5934
"Dec",2007,"South Australia",1975,3029,-958
"Dec",2007,"Western Australia",4387,8743,789
"Dec",2007,"Tasmania",638,408,225
"Dec",2007,"Northern Territory",706,214,440
"Dec",2007,"Australian Capital Territory",740,204,-98
"Mar",2008,"New South Wales",13675,29416,-5330
"Mar",2008,"Victoria",9457,24930,118
"Mar",2008,"Queensland",9382,17953,4248
"Mar",2008,"South Australia",2131,5236,-1351
"Mar",2008,"Western Australia",5026,13449,1757
"Mar",2008,"Tasmania",735,734,193
"Mar",2008,"Northern Territory",736,483,19
"Mar",2008,"Australian Capital Territory",740,1260,309
"Jun",2008,"New South Wales",12041,18731,-5488
"Jun",2008,"Victoria",8166,16835,-592
"Jun",2008,"Queensland",9224,14434,4452
"Jun",2008,"South Australia",1669,3717,-1024
"Jun",2008,"Western Australia",4551,9773,1513
"Jun",2008,"Tasmania",640,271,65
"Jun",2008,"Northern Territory",743,660,504
"Jun",2008,"Australian Capital Territory",711,647,534
"Sep",2008,"New South Wales",11312,25036,-5323
"Sep",2008,"Victoria",8463,22776,138
"Sep",2008,"Queensland",8487,15873,4447
"Sep",2008,"South Australia",1621,4709,-1127
"Sep",2008,"Western Australia",4203,13744,1684
"Sep",2008,"Tasmania",548,597,355
"Sep",2008,"Northern Territory",720,505,299
"Sep",2008,"Australian Capital Territory",806,883,-506
"Dec",2008,"New South Wales",13627,23244,-5386
"Dec",2008,"Victoria",9126,18684,111
"Dec",2008,"Queensland",8940,14580,4369
"Dec",2008,"South Australia",1758,3955,-1418
"Dec",2008,"Western Australia",4385,11223,1499
"Dec",2008,"Tasmania",706,487,513
"Dec",2008,"Northern Territory",620,322,59
"Dec",2008,"Australian Capital Territory",824,535,211
"Mar",2009,"New South Wales",13333,23899,-4537
"Mar",2009,"Victoria",8827,25867,872
"Mar",2009,"Queensland",9695,17643,3031
"Mar",2009,"South Australia",1987,5563,-1147
"Mar",2009,"Western Australia",4806,12971,1356
"Mar",2009,"Tasmania",672,733,261
"Mar",2009,"Northern Territory",744,447,156
"Mar",2009,"Australian Capital Territory",723,1572,-27
"Jun",2009,"New South Wales",12266,14564,-3421
"Jun",2009,"Victoria",8778,16289,402
"Jun",2009,"Queensland",9397,11223,2855
"Jun",2009,"South Australia",1835,3778,-710
"Jun",2009,"Western Australia",4828,6390,473
"Jun",2009,"Tasmania",673,310,-66
"Jun",2009,"Northern Territory",806,825,420
"Jun",2009,"Australian Capital Territory",813,618,13
"Sep",2009,"New South Wales",12466,17707,-2197
"Sep",2009,"Victoria",8904,18998,419
"Sep",2009,"Queensland",8739,11200,2082
"Sep",2009,"South Australia",1707,4605,-406
"Sep",2009,"Western Australia",4538,8179,218
"Sep",2009,"Tasmania",593,473,87
"Sep",2009,"Northern Territory",714,374,75
"Sep",2009,"Australian Capital Territory",885,980,-308
"Dec",2009,"New South Wales",13435,13994,-2536
"Dec",2009,"Victoria",9904,10933,899
"Dec",2009,"Queensland",8697,7259,2023
"Dec",2009,"South Australia",1757,3227,-788
"Dec",2009,"Western Australia",4535,5301,398
"Dec",2009,"Tasmania",588,410,30
"Dec",2009,"Northern Territory",719,44,-284
"Dec",2009,"Australian Capital Territory",860,498,221
"Mar",2010,"New South Wales",13881,17556,-2065
"Mar",2010,"Victoria",10006,16227,1057
"Mar",2010,"Queensland",9767,10638,589
"Mar",2010,"South Australia",2169,4355,-848
"Mar",2010,"Western Australia",5078,8769,810
"Mar",2010,"Tasmania",618,694,456
"Mar",2010,"Northern Territory",762,339,-329
"Mar",2010,"Australian Capital Territory",962,1282,297
"Jun",2010,"New South Wales",13254,7895,-2660
"Jun",2010,"Victoria",8850,7521,939
"Jun",2010,"Queensland",9395,6723,1478
"Jun",2010,"South Australia",1823,2350,-667
"Jun",2010,"Western Australia",4783,6617,693
"Jun",2010,"Tasmania",510,102,91
"Jun",2010,"Northern Territory",769,474,-123
"Jun",2010,"Australian Capital Territory",886,325,217
"Sep",2010,"New South Wales",12247,11970,-2293
"Sep",2010,"Victoria",8666,10269,334
"Sep",2010,"Queensland",8880,7541,1608
"Sep",2010,"South Australia",1535,2512,-808
"Sep",2010,"Western Australia",4503,8678,1397
"Sep",2010,"Tasmania",494,222,49
"Sep",2010,"Northern Territory",704,247,-288
"Sep",2010,"Australian Capital Territory",797,336,4
"Dec",2010,"New South Wales",11876,12623,-3831
"Dec",2010,"Victoria",8646,9197,801
"Dec",2010,"Queensland",8240,6768,1709
"Dec",2010,"South Australia",1616,1677,-715
"Dec",2010,"Western Australia",4272,7833,1557
"Dec",2010,"Tasmania",535,212,118
"Dec",2010,"Northern Territory",668,27,-859
"Dec",2010,"Australian Capital Territory",777,58,1222
"Mar",2011,"New South Wales",13703,17961,-3360
"Mar",2011,"Victoria",9312,15683,1327
"Mar",2011,"Queensland",9503,11386,1490
"Mar",2011,"South Australia",2083,2932,-400
"Mar",2011,"Western Australia",5296,11206,2038
"Mar",2011,"Tasmania",671,486,1
"Mar",2011,"Northern Territory",745,271,-1077
"Mar",2011,"Australian Capital Territory",953,1033,-16
"Jun",2011,"New South Wales",12172,9121,-4012
"Jun",2011,"Victoria",8548,9482,1072
"Jun",2011,"Queensland",9181,8934,1988
"Jun",2011,"South Australia",1836,2047,-691
"Jun",2011,"Western Australia",5057,8708,2041
"Jun",2011,"Tasmania",502,73,-215
"Jun",2011,"Northern Territory",828,555,-325
"Jun",2011,"Australian Capital Territory",855,311,144
"Sep",2011,"New South Wales",11063,14098,-3698
"Sep",2011,"Victoria",9107,13291,505
"Sep",2011,"Queensland",7918,11226,2638
"Sep",2011,"South Australia",1753,2771,-855
"Sep",2011,"Western Australia",4659,11922,1444
"Sep",2011,"Tasmania",563,392,-209
"Sep",2011,"Northern Territory",722,781,37
"Sep",2011,"Australian Capital Territory",841,962,139
"Dec",2011,"New South Wales",11684,12985,-4999
"Dec",2011,"Victoria",9627,12606,978
"Dec",2011,"Queensland",8353,9376,3271
"Dec",2011,"South Australia",1829,2682,-858
"Dec",2011,"Western Australia",4581,11441,2137
"Dec",2011,"Tasmania",564,296,-640
"Dec",2011,"Northern Territory",614,462,-458
"Dec",2011,"Australian Capital Territory",902,745,570
"Mar",2012,"New South Wales",13729,17902,-4948
"Mar",2012,"Victoria",10401,18396,759
"Mar",2012,"Queensland",10084,14157,3197
"Mar",2012,"South Australia",2094,4271,-943
"Mar",2012,"Western Australia",5470,15822,2672
"Mar",2012,"Tasmania",508,623,-522
"Mar",2012,"Northern Territory",800,1119,-340
"Mar",2012,"Australian Capital Territory",983,1716,125
"Jun",2012,"New South Wales",11945,12241,-4470
"Jun",2012,"Victoria",9715,11881,175
"Jun",2012,"Queensland",9078,11779,2676
"Jun",2012,"South Australia",1818,2634,-564
"Jun",2012,"Western Australia",5260,11595,2356
"Jun",2012,"Tasmania",431,213,-554
"Jun",2012,"Northern Territory",858,964,70
"Jun",2012,"Australian Capital Territory",838,596,311
"Sep",2012,"New South Wales",11114,16536,-3786
"Sep",2012,"Victoria",9056,15665,582
"Sep",2012,"Queensland",8099,12846,2983
"Sep",2012,"South Australia",1537,2861,-1038
"Sep",2012,"Western Australia",4667,13087,1484
"Sep",2012,"Tasmania",359,307,-450
"Sep",2012,"Northern Territory",717,1097,38
"Sep",2012,"Australian Capital Territory",959,946,186
"Dec",2012,"New South Wales",13358,16456,-3718
"Dec",2012,"Victoria",10591,12811,1732
"Dec",2012,"Queensland",9176,8482,2069
"Dec",2012,"South Australia",1920,2108,-1271
"Dec",2012,"Western Australia",5423,9461,1592
"Dec",2012,"Tasmania",408,439,-249
"Dec",2012,"Northern Territory",664,939,-149
"Dec",2012,"Australian Capital Territory",974,297,-6
"Mar",2013,"New South Wales",13255,20704,-3725
"Mar",2013,"Victoria",10488,18901,1882
"Mar",2013,"Queensland",9423,12250,1990
"Mar",2013,"South Australia",2138,3986,-1269
"Mar",2013,"Western Australia",5655,12339,1601
"Mar",2013,"Tasmania",489,564,-253
"Mar",2013,"Northern Territory",757,1169,-291
"Mar",2013,"Australian Capital Territory",951,1307,65
"Jun",2013,"New South Wales",11918,13067,-3416
"Jun",2013,"Victoria",9819,11657,2224
"Jun",2013,"Queensland",8829,8253,1832
"Jun",2013,"South Australia",1768,2723,-1183
"Jun",2013,"Western Australia",5306,7251,999
"Jun",2013,"Tasmania",392,304,-334
"Jun",2013,"Northern Territory",804,1149,-79
"Jun",2013,"Australian Capital Territory",914,365,-43
"Sep",2013,"New South Wales",10275,18629,-1713
"Sep",2013,"Victoria",9554,16143,2051
"Sep",2013,"Queensland",8752,8257,1515
"Sep",2013,"South Australia",1521,3156,-974
"Sep",2013,"Western Australia",5000,6300,-32
"Sep",2013,"Tasmania",391,516,-256
"Sep",2013,"Northern Territory",678,425,-270
"Sep",2013,"Australian Capital Territory",996,804,-321
"Dec",2013,"New South Wales",11654,15183,-2466
"Dec",2013,"Victoria",9761,11802,2439
"Dec",2013,"Queensland",8444,4702,2089
"Dec",2013,"South Australia",1655,2269,-1319
"Dec",2013,"Western Australia",5115,3171,-459
"Dec",2013,"Tasmania",391,407,83
"Dec",2013,"Northern Territory",697,450,-896
"Dec",2013,"Australian Capital Territory",979,172,529
"Mar",2014,"New South Wales",12341,21805,-957
"Mar",2014,"Victoria",10589,19573,2655
"Mar",2014,"Queensland",9665,9754,911
"Mar",2014,"South Australia",2140,4061,-837
"Mar",2014,"Western Australia",5699,7143,-570
"Mar",2014,"Tasmania",507,589,-44
"Mar",2014,"Northern Territory",720,645,-622
"Mar",2014,"Australian Capital Territory",1007,1463,-536
"Jun",2014,"New South Wales",11073,11375,-1615
"Jun",2014,"Victoria",9315,9388,2594
"Jun",2014,"Queensland",8760,4504,1779
"Jun",2014,"South Australia",1876,2154,-760
"Jun",2014,"Western Australia",5494,2136,-663
"Jun",2014,"Tasmania",251,289,-218
"Jun",2014,"Northern Territory",769,232,-633
"Jun",2014,"Australian Capital Territory",881,276,-484
"Sep",2014,"New South Wales",9978,19303,-1184
"Sep",2014,"Victoria",9341,16879,1703
"Sep",2014,"Queensland",8153,5740,1653
"Sep",2014,"South Australia",1380,2573,-926
"Sep",2014,"Western Australia",5159,3936,-696
"Sep",2014,"Tasmania",332,376,-65
"Sep",2014,"Northern Territory",643,236,-305
"Sep",2014,"Australian Capital Territory",928,1144,-180
"Dec",2014,"New South Wales",12029,15869,-1826
"Dec",2014,"Victoria",10112,12553,3289
"Dec",2014,"Queensland",8375,3035,1836
"Dec",2014,"South Australia",1756,2186,-1134
"Dec",2014,"Western Australia",5298,2297,-1058
"Dec",2014,"Tasmania",330,471,-297
"Dec",2014,"Northern Territory",660,28,-879
"Dec",2014,"Australian Capital Territory",978,330,69
"Mar",2015,"New South Wales",12461,22897,-1662
"Mar",2015,"Victoria",10092,20105,3105
"Mar",2015,"Queensland",8412,7978,1382
"Mar",2015,"South Australia",1795,4297,-937
"Mar",2015,"Western Australia",5501,5620,-1188
"Mar",2015,"Tasmania",400,601,148
"Mar",2015,"Northern Territory",763,715,-896
"Mar",2015,"Australian Capital Territory",967,1555,47
"Jun",2015,"New South Wales",10455,12240,-2104
"Jun",2015,"Victoria",8598,11157,2982
"Jun",2015,"Queensland",8177,3681,1990
"Jun",2015,"South Australia",1541,2096,-1573
"Jun",2015,"Western Australia",5138,2218,-1336
"Jun",2015,"Tasmania",267,75,341
"Jun",2015,"Northern Territory",791,1375,-261
"Jun",2015,"Australian Capital Territory",946,467,-39
"Sep",2015,"New South Wales",10185,20471,-2006
"Sep",2015,"Victoria",9224,18147,2661
"Sep",2015,"Queensland",7576,4594,2119
"Sep",2015,"South Australia",1205,2709,-1272
"Sep",2015,"Western Australia",4880,3304,-1425
"Sep",2015,"Tasmania",117,486,315
"Sep",2015,"Northern Territory",674,-284,-298
"Sep",2015,"Australian Capital Territory",896,952,-96
"Dec",2015,"New South Wales",11479,17230,-3131
"Dec",2015,"Victoria",10306,14782,5197
"Dec",2015,"Queensland",7410,3227,3250
"Dec",2015,"South Australia",1671,2149,-1972
"Dec",2015,"Western Australia",5205,1599,-2651
"Dec",2015,"Tasmania",248,251,-185
"Dec",2015,"Northern Territory",623,-262,-626
"Dec",2015,"Australian Capital Territory",962,296,113
"Mar",2016,"New South Wales",12677,26055,-3262
"Mar",2016,"Victoria",10943,24794,4602
"Mar",2016,"Queensland",9012,9874,3187
"Mar",2016,"South Australia",1970,3898,-1865
"Mar",2016,"Western Australia",5821,5362,-2511
"Mar",2016,"Tasmania",499,771,240
"Mar",2016,"Northern Territory",754,615,-612
"Mar",2016,"Australian Capital Territory",998,1643,214
"Jun",2016,"New South Wales",11814,16251,-3140
"Jun",2016,"Victoria",9652,14492,5179
"Jun",2016,"Queensland",8388,7257,3430
"Jun",2016,"South Australia",1693,2527,-2103
"Jun",2016,"Western Australia",5456,1356,-3423
"Jun",2016,"Tasmania",330,263,390
"Jun",2016,"Northern Territory",786,979,-493
"Jun",2016,"Australian Capital Territory",878,439,152
"Sep",2016,"New South Wales",10332,30126,-2454
"Sep",2016,"Victoria",9347,24517,2432
"Sep",2016,"Queensland",7657,9353,3379
"Sep",2016,"South Australia",1370,3418,-1420
"Sep",2016,"Western Australia",4731,3803,-2395
"Sep",2016,"Tasmania",242,554,309
"Sep",2016,"Northern Territory",690,560,-218
"Sep",2016,"Australian Capital Territory",912,1322,367
"Dec",2016,"New South Wales",11344,23770,-4462
"Dec",2016,"Victoria",9564,19105,4893
"Dec",2016,"Queensland",7296,5943,4626
"Dec",2016,"South Australia",1283,2264,-2305
"Dec",2016,"Western Australia",4953,1442,-3669
"Dec",2016,"Tasmania",214,689,485
"Dec",2016,"Northern Territory",700,-67,-746
"Dec",2016,"Australian Capital Territory",883,443,1178
"Mar",2017,"New South Wales",12366,33051,-4608
"Mar",2017,"Victoria",10692,31795,3945
"Mar",2017,"Queensland",7949,11370,4351
"Mar",2017,"South Australia",1726,4219,-1346
"Mar",2017,"Western Australia",5260,5141,-3088
"Mar",2017,"Tasmania",279,828,506
"Mar",2017,"Northern Territory",687,434,-697
"Mar",2017,"Australian Capital Territory",941,1930,937
"Jun",2017,"New South Wales",10695,18555,-4440
"Jun",2017,"Victoria",9395,15826,2478
"Jun",2017,"Queensland",7705,7409,5138
"Jun",2017,"South Australia",1304,2274,-1229
"Jun",2017,"Western Australia",5196,1623,-2749
"Jun",2017,"Tasmania",295,273,641
"Jun",2017,"Northern Territory",784,918,-272
"Jun",2017,"Australian Capital Territory",807,453,433
"Sep",2017,"New South Wales",8451,28130,-4092
"Sep",2017,"Victoria",8304,24565,1711
"Sep",2017,"Queensland",6696,7040,5369
"Sep",2017,"South Australia",922,3571,-1202
"Sep",2017,"Western Australia",4591,3720,-2288
"Sep",2017,"Tasmania",-82,987,685
"Sep",2017,"Northern Territory",604,100,-340
"Sep",2017,"Australian Capital Territory",804,1629,157
"Dec",2017,"New South Wales",10889,15192,-6843
"Dec",2017,"Victoria",10309,14946,3130
"Dec",2017,"Queensland",6754,1818,7607
"Dec",2017,"South Australia",1110,2039,-1641
"Dec",2017,"Western Australia",4924,1218,-2746
"Dec",2017,"Tasmania",213,483,515
"Dec",2017,"Northern Territory",621,-210,-806
"Dec",2017,"Australian Capital Territory",813,336,784
"Mar",2018,"New South Wales",12484,30281,-5942
"Mar",2018,"Victoria",10665,30962,2456
"Mar",2018,"Queensland",8262,11337,5753
"Mar",2018,"South Australia",1736,4715,-950
"Mar",2018,"Western Australia",5140,4733,-1861
"Mar",2018,"Tasmania",387,815,995
"Mar",2018,"Northern Territory",671,317,-929
"Mar",2018,"Australian Capital Territory",834,1941,478
"Jun",2018,"New South Wales",11430,17047,-5622
"Jun",2018,"Victoria",9851,16495,1804
"Jun",2018,"Queensland",7644,7546,5834
"Jun",2018,"South Australia",1263,2399,-879
"Jun",2018,"Western Australia",4653,2309,-1878
"Jun",2018,"Tasmania",185,518,834
"Jun",2018,"Northern Territory",718,551,-602
"Jun",2018,"Australian Capital Territory",747,692,509
"Sep",2018,"New South Wales",10545,27542,-4749
"Sep",2018,"Victoria",8695,25574,1373
"Sep",2018,"Queensland",6959,9596,4883
"Sep",2018,"South Australia",982,4319,-704
"Sep",2018,"Western Australia",4379,4361,-847
"Sep",2018,"Tasmania",237,1129,566
"Sep",2018,"Northern Territory",625,51,-513
"Sep",2018,"Australian Capital Territory",759,1259,-9
"Dec",2018,"New South Wales",11402,18016,-7098
"Dec",2018,"Victoria",9563,16506,2365
"Dec",2018,"Queensland",7181,5258,6954
"Dec",2018,"South Australia",1379,2531,-1154
"Dec",2018,"Western Australia",4612,3147,-1913
"Dec",2018,"Tasmania",312,703,649
"Dec",2018,"Northern Territory",584,-363,-1065
"Dec",2018,"Australian Capital Territory",826,-76,1262
"Mar",2019,"New South Wales",11985,26960,-6209
"Mar",2019,"Victoria",10210,30510,2033
"Mar",2019,"Queensland",7908,11294,5189
"Mar",2019,"South Australia",1502,5171,-619
"Mar",2019,"Western Australia",4644,6632,-453
"Mar",2019,"Tasmania",314,1026,527
"Mar",2019,"Northern Territory",673,553,-888
"Mar",2019,"Australian Capital Territory",886,1399,420
"Jun",2019,"New South Wales",10799,12025,-5774
"Jun",2019,"Victoria",8719,12886,709
"Jun",2019,"Queensland",7832,5601,5620
"Jun",2019,"South Australia",1108,3120,-836
"Jun",2019,"Western Australia",4410,3344,-194
"Jun",2019,"Tasmania",221,327,469
"Jun",2019,"Northern Territory",642,691,-546
"Jun",2019,"Australian Capital Territory",820,227,552
"Sep",2019,"New South Wales",10026,23289,-5164
"Sep",2019,"Victoria",8178,25930,61
"Sep",2019,"Queensland",6416,10440,5598
"Sep",2019,"South Australia",1183,5081,-773
"Sep",2019,"Western Australia",4495,7901,-195
"Sep",2019,"Tasmania",193,841,45
"Sep",2019,"Northern Territory",597,4,-217
"Sep",2019,"Australian Capital Territory",914,1030,645
"Dec",2019,"New South Wales",11010,17010,-7466
"Dec",2019,"Victoria",8835,15737,1159
"Dec",2019,"Queensland",6808,6580,6548
"Dec",2019,"South Australia",1203,3271,-657
"Dec",2019,"Western Australia",4808,7628,-304
"Dec",2019,"Tasmania",285,1773,311
"Dec",2019,"Northern Territory",550,-257,-503
"Dec",2019,"Australian Capital Territory",836,-423,912
"Mar",2020,"New South Wales",11348,21509,-5647
"Mar",2020,"Victoria",9166,21407,-386
"Mar",2020,"Queensland",7273,12468,5580
"Mar",2020,"South Australia",1317,6557,-73
"Mar",2020,"Western Australia",4653,9991,505
"Mar",2020,"Tasmania",320,1061,236
"Mar",2020,"Northern Territory",655,598,-253
"Mar",2020,"Australian Capital Territory",831,1579,38
"Jun",2020,"New South Wales",10285,-3945,-4173
"Jun",2020,"Victoria",7959,-2477,-3486
"Jun",2020,"Queensland",7542,-1514,6033
"Jun",2020,"South Australia",1115,29,250
"Jun",2020,"Western Australia",4250,-363,262
"Jun",2020,"Tasmania",312,-37,296
"Jun",2020,"Northern Territory",698,-56,74
"Jun",2020,"Australian Capital Territory",762,49,744
"Sep",2020,"New South Wales",9794,-10075,-7338
"Sep",2020,"Victoria",7625,-20667,-7109
"Sep",2020,"Queensland",6978,-6781,8939
"Sep",2020,"South Australia",968,-1243,874
"Sep",2020,"Western Australia",4203,-2317,2831
"Sep",2020,"Tasmania",276,-283,797
"Sep",2020,"Northern Territory",604,-213,238
"Sep",2020,"Australian Capital Territory",787,-990,768
"Dec",2020,"New South Wales",9844,-487,-9883
"Dec",2020,"Victoria",8315,-18680,-10431
"Dec",2020,"Queensland",6303,-5172,11792
"Dec",2020,"South Australia",1110,-1287,1297
"Dec",2020,"Western Australia",4032,-2155,3941
"Dec",2020,"Tasmania",222,-113,1304
"Dec",2020,"Northern Territory",580,-268,50
"Dec",2020,"Australian Capital Territory",796,-1109,1930
"Mar",2021,"New South Wales",13071,-806,-9445
"Mar",2021,"Victoria",10424,-9881,-8960
"Mar",2021,"Queensland",8517,-1701,10090
"Mar",2021,"South Australia",1863,-763,1755
"Mar",2021,"Western Australia",5127,-633,4062
"Mar",2021,"Tasmania",381,133,1397
"Mar",2021,"Northern Territory",755,43,-142
"Mar",2021,"Australian Capital Territory",969,-591,1243
"Jun",2021,"New South Wales",11356,4132,-7342
"Jun",2021,"Victoria",8923,-3831,-9122
"Jun",2021,"Queensland",7736,808,9402
"Jun",2021,"South Australia",1419,454,925
"Jun",2021,"Western Australia",4717,12,3169
"Jun",2021,"Tasmania",300,-57,1099
"Jun",2021,"Northern Territory",712,16,-465
"Jun",2021,"Australian Capital Territory",766,-450,2334
"Sep",2021,"New South Wales",10241,-6185,-12615
"Sep",2021,"Victoria",8397,-4938,1699
"Sep",2021,"Queensland",6998,-1486,13930
"Sep",2021,"South Australia",950,-463,-1020
"Sep",2021,"Western Australia",4238,-701,312
"Sep",2021,"Tasmania",180,134,-625
"Sep",2021,"Northern Territory",537,512,-813
"Sep",2021,"Australian Capital Territory",825,-637,-868
"Dec",2021,"New South Wales",11428,14754,-13462
"Dec",2021,"Victoria",8292,13096,-8276
"Dec",2021,"Queensland",6524,1593,17639
"Dec",2021,"South Australia",1129,1886,650
"Dec",2021,"Western Australia",4510,110,5181
"Dec",2021,"Tasmania",247,1232,221
"Dec",2021,"Northern Territory",582,146,-990
"Dec",2021,"Australian Capital Territory",896,909,-963
"Mar",2022,"New South Wales",9771,35866,-9172
"Mar",2022,"Victoria",7750,35382,-4356
"Mar",2022,"Queensland",6764,15934,10546
"Mar",2022,"South Australia",1243,8017,449
"Mar",2022,"Western Australia",4411,7179,2647
"Mar",2022,"Tasmania",224,1229,191
"Mar",2022,"Northern Territory",640,1070,-310
"Mar",2022,"Australian Capital Territory",853,2129,5
"Jun",2022,"New South Wales",8425,24677,-4086
"Jun",2022,"Victoria",7185,22510,-3932
"Jun",2022,"Queensland",6439,13581,6665
"Jun",2022,"South Australia",739,4882,152
"Jun",2022,"Western Australia",3594,8749,2199
"Jun",2022,"Tasmania",186,759,-166
"Jun",2022,"Northern Territory",543,607,-447
"Jun",2022,"Australian Capital Territory",658,985,-385
"Sep",2022,"New South Wales",6521,42609,-7985
"Sep",2022,"Victoria",6040,37567,-783
"Sep",2022,"Queensland",4923,18994,7053
"Sep",2022,"South Australia",626,7239,259
"Sep",2022,"Western Australia",3482,14748,2634
"Sep",2022,"Tasmania",66,833,-262
"Sep",2022,"Northern Territory",557,481,-529
"Sep",2022,"Australian Capital Territory",656,2398,-387
"Dec",2022,"New South Wales",8260,42457,-10317
"Dec",2022,"Victoria",7246,37597,-884
"Dec",2022,"Queensland",5223,19128,10281
"Dec",2022,"South Australia",760,6039,-190
"Dec",2022,"Western Australia",3516,15599,3113
"Dec",2022,"Tasmania",188,1475,-704
"Dec",2022,"Northern Territory",515,906,-838
"Dec",2022,"Australian Capital Territory",621,1450,-461
"Mar",2023,"New South Wales",8990,52442,-7825
"Mar",2023,"Victoria",7886,50020,-45
"Mar",2023,"Queensland",5720,26522,7071
"Mar",2023,"South Australia",944,9708,-64
"Mar",2023,"Western Australia",3521,20995,3175
"Mar",2023,"Tasmania",249,1461,-862
"Mar",2023,"Northern Territory",532,1327,-931
"Mar",2023,"Australian Capital Territory",670,3017,-519
"Jun",2023,"New South Wales",7782,40493,-8031
"Jun",2023,"Victoria",6883,34582,-151
"Jun",2023,"Queensland",5402,21246,7850
"Jun",2023,"South Australia",526,6315,-414
"Jun",2023,"Western Australia",3214,15234,2708
"Jun",2023,"Tasmania",17,963,-769
"Jun",2023,"Northern Territory",605,1177,-969
"Jun",2023,"Australian Capital Territory",697,1498,-224
"Sep",2023,"New South Wales",7556,51231,-7029
"Sep",2023,"Victoria",7851,42950,-39
"Sep",2023,"Queensland",5735,23316,7423
"Sep",2023,"South Australia",718,7760,-339
"Sep",2023,"Western Australia",4336,18516,2237
"Sep",2023,"Tasmania",91,975,-744
"Sep",2023,"Northern Territory",529,1094,-868
"Sep",2023,"Australian Capital Territory",620,2426,-641
"Dec",2023,"New South Wales",8190,34960,-8793
"Dec",2023,"Victoria",4646,31944,-40
"Dec",2023,"Queensland",4405,16764,9251
"Dec",2023,"South Australia",783,4975,-472
"Dec",2023,"Western Australia",2904,14169,2589
"Dec",2023,"Tasmania",97,1488,-896
"Dec",2023,"Northern Territory",365,823,-1189
"Dec",2023,"Australian Capital Territory",711,1021,-450
"Mar",2024,"New South Wales",7248,41464,-7330
"Mar",2024,"Victoria",12302,42264,767
"Mar",2024,"Queensland",5330,21468,6406
"Mar",2024,"South Australia",894,6998,-461
"Mar",2024,"Western Australia",3630,16983,2505
"Mar",2024,"Tasmania",116,1278,-451
"Mar",2024,"Northern Territory",683,826,-1061
"Mar",2024,"Australian Capital Territory",637,2523,-375
